City_ID,City,Country,Date,Lat,Lng,Max Temp,Humidity,Cloudiness,Wind Speed
0,Ushuaia,AR,2021-04-08 17:02:08,-54.8,-68.3,44.6,65,40,26.46
1,Hithadhoo,MV,2021-04-08 17:02:08,-0.6,73.0833,83.53,67,23,14.18
2,Torbay,CA,2021-04-08 17:02:09,47.6666,-52.7314,43.0,100,90,18.41
3,Saskylakh,RU,2021-04-08 17:02:09,71.9167,114.0833,-10.23,99,100,6.51
4,Fairbanks,US,2021-04-08 17:00:18,64.8378,-147.7164,8.01,85,90,6.91
5,Jamestown,US,2021-04-08 16:57:39,42.097,-79.2353,71.6,43,1,9.22
6,Marzuq,YE,2021-04-08 17:02:10,14.4,46.4667,71.42,36,6,6.85
7,Hobart,AU,2021-04-08 17:02:10,-42.8794,147.3294,55.4,62,90,11.5
8,Port-Gentil,GA,2021-04-08 17:02:10,-0.7193,8.7815,86.0,74,20,13.8
9,Puerto Ayora,EC,2021-04-08 17:02:11,-0.7393,-90.3518,84.2,70,20,13.8
10,Nishihara,JP,2021-04-08 17:02:11,26.1842,127.7558,68.0,63,20,3.44
11,Victoria,HK,2021-04-08 16:59:37,22.2855,114.1577,73.0,80,100,4.0
12,Ribeira Grande,PT,2021-04-08 17:02:12,38.5167,-28.7,64.4,68,40,19.57
13,Mataura,NZ,2021-04-08 17:02:12,-46.1927,168.8643,42.01,95,9,1.01
14,Elk Plain,US,2021-04-08 17:02:12,47.0532,-122.3976,46.0,61,20,8.05
15,Kununurra,AU,2021-04-08 17:02:13,-15.7667,128.7333,75.2,88,75,1.14
16,Zhicheng,CN,2021-04-08 17:02:13,30.2956,111.5047,59.0,78,68,3.56
17,Vaini,TO,2021-04-08 17:02:13,-21.2,-175.2,68.0,100,20,3.44
18,Deputatskiy,RU,2021-04-08 17:02:14,69.3,139.9,-19.66,100,86,2.98
19,Dedza,MW,2021-04-08 17:02:14,-14.3779,34.3332,55.33,94,77,2.42
20,Nizhniy Kuranakh,RU,2021-04-08 17:02:15,58.8353,125.4869,25.05,88,96,6.22
21,Lafia,NG,2021-04-08 17:02:15,8.4833,8.5167,104.43,15,85,7.7
22,Barrow,US,2021-04-08 17:02:15,71.2906,-156.7887,-18.4,63,40,10.36
23,Necochea,AR,2021-04-08 17:02:16,-38.5473,-58.7368,61.0,97,100,14.0
24,Bathsheba,BB,2021-04-08 17:02:16,13.2167,-59.5167,86.0,54,40,13.8
25,Butaritari,KI,2021-04-08 17:02:17,3.0707,172.7902,81.48,80,57,16.33
26,Rikitea,PF,2021-04-08 17:02:17,-23.1203,-134.9692,76.28,61,47,0.83
27,Saldanha,ZA,2021-04-08 17:02:17,-33.0117,17.9442,71.6,60,52,13.8
28,Faanui,PF,2021-04-08 17:02:18,-16.4833,-151.75,81.48,68,15,12.33
29,Namibe,AO,2021-04-08 17:02:18,-15.1961,12.1522,78.75,76,68,15.99
30,Bengkulu,ID,2021-04-08 17:02:18,-3.8004,102.2655,76.14,90,97,5.7
31,Pombas,CV,2021-04-08 17:02:18,17.1503,-25.0201,75.2,60,20,33.38
32,Port Alfred,ZA,2021-04-08 17:02:19,-33.5906,26.891,67.89,87,29,6.17
33,Marsa Matruh,EG,2021-04-08 17:02:19,31.3525,27.2453,64.4,63,0,11.5
34,Kieta,PG,2021-04-08 17:02:20,-6.2167,155.6333,78.93,88,100,14.72
35,Arraial Do Cabo,BR,2021-04-08 16:57:22,-22.9661,-42.0278,78.8,65,75,9.22
36,New Norfolk,AU,2021-04-08 17:02:20,-42.7826,147.0587,53.01,61,83,3.0
37,Selty,RU,2021-04-08 17:02:21,57.3132,52.1345,37.09,96,100,12.46
38,Kodiak,US,2021-04-08 17:02:21,57.79,-152.4072,33.8,75,90,16.11
39,Khatanga,RU,2021-04-08 17:02:22,71.9667,102.5,-24.32,100,47,2.86
40,Muisne,EC,2021-04-08 17:02:22,0.6,-80.0333,86.0,79,20,8.05
41,Wewak,PG,2021-04-08 17:02:22,-3.5534,143.6268,76.86,85,99,4.88
42,Ranong,TH,2021-04-08 17:02:23,9.9658,98.6348,77.2,88,46,2.89
43,Yar-Sale,RU,2021-04-08 17:02:23,66.8333,70.8333,29.71,86,100,13.29
44,Kapaa,US,2021-04-08 17:02:23,22.0752,-159.319,71.6,56,1,18.41
45,Saint George,US,2021-04-08 17:00:13,37.1041,-113.5841,57.2,21,1,5.26
46,Leningradskiy,RU,2021-04-08 17:02:24,69.3833,178.4167,-24.54,96,19,5.73
47,Tuktoyaktuk,CA,2021-04-08 17:02:24,69.4541,-133.0374,-18.4,76,20,4.61
48,Kyren,RU,2021-04-08 17:02:25,51.6828,102.1408,34.9,87,96,2.51
49,Rudnichnyy,RU,2021-04-08 17:02:25,59.617,52.4703,38.26,89,100,14.65
50,Chokurdakh,RU,2021-04-08 17:02:25,70.6333,147.9167,-10.26,93,100,4.5
51,Salalah,OM,2021-04-08 16:59:33,17.0151,54.0924,82.4,69,0,3.44
52,Sechura,PE,2021-04-08 17:02:26,-5.5569,-80.8222,76.33,67,95,8.39
53,Bangassou,CF,2021-04-08 17:02:26,4.7413,22.8184,72.28,92,93,5.28
54,Dingle,PH,2021-04-08 17:02:27,10.9995,122.6711,75.56,80,100,4.9
55,Lebu,CL,2021-04-08 17:02:27,-37.6167,-73.65,58.26,83,90,5.5
56,Saint-Augustin,CA,2021-04-08 17:02:27,51.226,-58.6502,40.89,89,66,3.69
57,Sitka,US,2021-04-08 17:02:28,57.0531,-135.33,32.0,93,90,14.97
58,Atar,MR,2021-04-08 17:02:28,20.5169,-13.0499,99.52,7,0,13.35
59,Ahipara,NZ,2021-04-08 17:02:28,-35.1667,173.1667,61.74,87,100,6.87
60,Atuona,PF,2021-04-08 17:02:29,-9.8,-139.0333,81.32,69,20,15.86
61,Beni,CD,2021-04-08 17:02:29,0.5,29.4667,64.63,94,52,3.69
62,Guerrero Negro,MX,2021-04-08 17:02:29,27.9769,-114.0611,72.01,54,22,13.29
63,Kerman,IR,2021-04-08 17:02:30,30.2832,57.0788,71.6,11,0,13.8
64,Hermanus,ZA,2021-04-08 17:02:30,-34.4187,19.2345,64.99,81,5,3.91
65,Hilo,US,2021-04-08 17:02:30,19.7297,-155.09,69.8,78,90,11.5
66,Cangucu,BR,2021-04-08 17:01:34,-31.395,-52.6756,84.2,54,0,14.97
67,Shubarkuduk,KZ,2021-04-08 17:02:31,49.1447,56.4872,49.39,64,2,9.44
68,Bredasdorp,ZA,2021-04-08 17:02:31,-34.5322,20.0403,68.0,64,7,3.44
69,Aklavik,CA,2021-04-08 17:02:32,68.2191,-135.0107,-9.4,77,75,12.66
70,Busselton,AU,2021-04-08 17:02:32,-33.65,115.3333,52.0,86,0,1.01
71,Severo-Kurilsk,RU,2021-04-08 17:02:32,50.6789,156.125,32.14,81,98,52.99
72,Lorengau,PG,2021-04-08 17:02:33,-2.0226,147.2712,81.16,81,100,13.65
73,Verkh-Usugli,RU,2021-04-08 17:02:33,52.7,115.1667,36.77,49,99,1.68
74,Biltine,TD,2021-04-08 17:02:34,14.5333,20.9167,95.36,7,93,6.53
75,Pevek,RU,2021-04-08 17:02:34,69.7008,170.3133,-24.63,99,85,3.87
76,Carnarvon,AU,2021-04-08 17:02:34,-24.8667,113.6333,75.2,78,1,17.27
77,Muroto,JP,2021-04-08 17:02:35,33.2833,134.15,59.61,54,1,6.33
78,Wahiawa,US,2021-04-08 17:02:35,21.5028,-158.0236,70.0,77,1,4.61
79,Tuburan,PH,2021-04-08 17:02:36,6.6439,122.2736,81.5,74,91,2.26
80,Oriximina,BR,2021-04-08 17:02:36,-1.7656,-55.8661,91.18,48,95,5.88
81,Hasaki,JP,2021-04-08 17:02:36,35.7333,140.8333,50.0,87,75,12.66
82,Albany,US,2021-04-08 17:00:07,42.6001,-73.9662,70.0,32,8,1.01
83,Simao,CN,2021-04-08 17:02:37,22.7886,100.9748,61.43,70,30,2.73
84,Codrington,AU,2021-04-08 17:02:37,-38.2667,141.9667,56.89,71,100,17.81
85,Imbituba,BR,2021-04-08 17:02:38,-28.24,-48.6703,77.0,73,75,16.11
86,Kyrylivka,UA,2021-04-08 17:02:38,46.3759,35.3675,44.89,57,100,1.34
87,Ola,RU,2021-04-08 17:02:38,59.5833,151.2833,5.29,86,10,9.6
88,Mar Del Plata,AR,2021-04-08 16:59:11,-38.0023,-57.5575,66.2,94,90,16.11
89,East London,ZA,2021-04-08 17:02:39,-33.0153,27.9116,69.8,83,20,5.75
90,Bluff,NZ,2021-04-08 17:02:39,-46.6,168.3333,42.01,95,32,1.01
91,Punta Arenas,CL,2021-04-08 17:02:40,-53.15,-70.9167,46.4,66,75,24.16
92,Dawlatabad,AF,2021-04-08 17:02:40,36.4141,64.9053,64.69,35,66,7.4
93,Lujiang,CN,2021-04-08 17:02:41,31.2581,117.2817,55.99,76,0,4.47
94,Clyde River,CA,2021-04-08 17:02:41,70.4692,-68.5914,12.2,92,90,26.46
95,Tomatlan,MX,2021-04-08 17:02:18,19.9333,-105.25,87.4,32,8,6.35
96,Ridgecrest,US,2021-04-08 17:00:08,35.6225,-117.6709,72.0,20,1,4.61
97,Kungurtug,RU,2021-04-08 17:02:42,50.5994,97.5228,30.81,85,95,1.03
98,Port Hardy,CA,2021-04-08 17:02:42,50.6996,-127.4199,39.2,87,75,6.91
99,Qaanaaq,GL,2021-04-08 17:02:43,77.484,-69.3632,11.39,68,100,3.8
100,Contamana,PE,2021-04-08 17:02:43,-7.3333,-75.0167,90.5,49,98,3.96
101,Grand Gaube,MU,2021-04-08 17:02:43,-20.0064,57.6608,80.01,74,34,3.0
102,Kahului,US,2021-04-08 17:02:44,20.8947,-156.47,68.0,83,40,10.36
103,Bairiki,KI,2021-04-08 17:02:44,1.3292,172.9752,80.6,83,20,6.91
104,Palafrugell,ES,2021-04-08 17:02:44,41.9174,3.1631,57.2,51,0,17.27
105,Kulhudhuffushi,MV,2021-04-08 17:02:45,6.6221,73.07,82.69,75,39,8.08
106,Tasiilaq,GL,2021-04-08 17:02:45,65.6145,-37.6368,21.2,68,20,4.61
107,Katherine,AU,2021-04-08 17:02:46,-14.4667,132.2667,77.0,78,67,4.92
108,Vianopolis,BR,2021-04-08 17:02:46,-16.7419,-48.5164,71.49,73,100,11.72
109,Primo Tapia,MX,2021-04-08 17:02:46,32.22,-116.9172,68.0,77,40,6.91
110,Ostrovnoy,RU,2021-04-08 17:02:47,68.0531,39.5131,32.43,98,100,9.31
111,George Town,MY,2021-04-08 17:00:20,5.4112,100.3354,86.0,79,20,5.75
112,Port Hedland,AU,2021-04-08 17:02:47,-20.3167,118.5667,78.8,94,49,6.91
113,Grindavik,IS,2021-04-08 17:02:48,63.8424,-22.4338,24.8,63,75,25.32
114,Iqaluit,CA,2021-04-08 17:02:48,63.7506,-68.5145,35.6,55,90,5.75
115,Vila Franca Do Campo,PT,2021-04-08 17:02:48,37.7167,-25.4333,62.6,82,75,20.71
116,Yellowknife,CA,2021-04-08 16:59:09,62.456,-114.3525,3.2,72,75,17.27
117,Whitstable,GB,2021-04-08 17:02:49,51.3607,1.0257,51.01,58,93,3.0
118,Lumphat,KH,2021-04-08 17:02:49,13.4878,106.9816,77.07,77,94,7.27
119,Katsuura,JP,2021-04-08 17:02:49,35.1333,140.3,59.0,67,40,14.97
120,Kavieng,PG,2021-04-08 17:02:50,-2.5744,150.7967,77.27,91,100,10.89
121,Rio Grande,BR,2021-04-08 17:02:50,-32.035,-52.0986,84.2,54,0,14.97
122,Luderitz,NA,2021-04-08 17:02:51,-26.6481,15.1594,70.02,64,4,12.26
123,Ilulissat,GL,2021-04-08 17:02:51,69.2167,-51.1,30.2,80,75,10.36
124,Mezen,RU,2021-04-08 17:02:52,65.8522,44.24,35.94,96,100,13.94
125,Belmonte,BR,2021-04-08 17:02:52,-15.8631,-38.8828,84.2,65,75,13.8
126,Cape Town,ZA,2021-04-08 17:02:06,-33.9258,18.4232,68.0,68,0,17.27
127,Lagoa,PT,2021-04-08 17:02:53,39.05,-27.9833,59.13,87,23,23.22
128,Sorland,NO,2021-04-08 17:02:54,67.667,12.6934,32.0,69,40,4.61
129,Norman Wells,CA,2021-04-08 17:02:54,65.282,-126.8329,-5.8,77,40,13.8
130,Ponta Do Sol,PT,2021-04-08 17:02:55,32.6667,-17.1,63.0,78,74,8.99
131,Mahebourg,MU,2021-04-08 17:02:55,-20.4081,57.7,78.8,78,40,5.75
132,Horsham,GB,2021-04-08 17:02:56,51.064,-0.3272,52.0,57,0,11.5
133,Okha,RU,2021-04-08 17:02:56,53.5739,142.9478,19.54,87,98,18.43
134,Tigre,AR,2021-04-08 17:02:56,-34.426,-58.5796,79.0,69,0,3.44
135,Jacareacanga,BR,2021-04-08 17:02:57,-6.2222,-57.7528,83.59,75,97,4.83
136,Badou,TG,2021-04-08 17:02:57,7.5833,0.6,83.16,66,94,3.27
137,San Quintin,MX,2021-04-08 17:02:58,30.4833,-115.95,69.13,56,3,16.06
138,Cidreira,BR,2021-04-08 17:02:58,-30.1811,-50.2056,77.52,70,6,18.72
139,Kurilsk,RU,2021-04-08 17:02:59,45.2333,147.8833,29.23,96,100,18.75
140,Ust-Shonosha,RU,2021-04-08 17:02:59,61.1531,41.343,34.23,99,100,5.93
141,Bambous Virieux,MU,2021-04-08 17:02:59,-20.3428,57.7575,80.01,78,40,5.75
142,Kuytun,RU,2021-04-08 17:03:00,54.3419,101.5036,29.75,92,100,4.23
143,Omboue,GA,2021-04-08 17:03:00,-1.5746,9.2618,81.91,80,96,8.46
144,Castro,BR,2021-04-08 16:58:02,-24.7911,-50.0119,74.53,55,34,8.08
145,Tazmalt,DZ,2021-04-08 17:03:00,36.3868,4.3989,69.44,48,98,1.32
146,Puteyets,RU,2021-04-08 17:03:01,65.1716,57.091,37.89,87,51,17.29
147,College,US,2021-04-08 16:58:16,64.8569,-147.8028,9.0,71,75,4.61
148,Broken Hill,AU,2021-04-08 17:03:01,-31.95,141.4333,73.4,20,97,11.5
149,Mogadishu,SO,2021-04-08 16:58:35,2.0371,45.3438,82.81,68,49,13.58
150,Vestby,NO,2021-04-08 17:03:02,59.6024,10.7467,39.0,76,100,8.01
151,Waitati,NZ,2021-04-08 17:03:02,-45.75,170.5667,51.01,94,0,2.91
152,Avera,US,2021-04-08 16:58:52,33.194,-82.5271,77.0,46,1,11.5
153,Viedma,AR,2021-04-08 17:00:36,-40.8135,-62.9967,75.96,27,49,3.09
154,Shingu,JP,2021-04-08 17:03:03,33.7333,135.9833,50.23,77,2,5.59
155,Presidencia Roque Saenz Pena,AR,2021-04-08 16:58:17,-26.7852,-60.4388,91.0,56,40,4.0
156,Golkoy,TR,2021-04-08 17:03:03,40.6875,37.6178,51.8,100,75,21.85
157,Port Blair,IN,2021-04-08 17:03:04,11.6667,92.75,81.07,75,20,2.53
158,Abu Kamal,SY,2021-04-08 17:03:04,34.4506,40.9171,81.16,19,0,5.46
159,Turan,VN,2021-04-08 17:03:04,16.0678,108.2208,77.0,88,20,1.14
160,Yashkino,RU,2021-04-08 17:03:05,55.8736,85.4265,28.4,100,75,2.24
161,Georgetown,MY,2021-04-08 16:58:13,5.4112,100.3354,86.0,79,20,5.75
162,Caucaia,BR,2021-04-08 17:03:05,-3.7361,-38.6531,89.6,58,20,23.02
163,Kindu,CD,2021-04-08 17:03:05,-2.95,25.95,71.08,94,80,3.24
164,Coihaique,CL,2021-04-08 17:03:06,-45.5752,-72.0662,51.8,76,75,4.36
165,Avarua,CK,2021-04-08 17:03:06,-21.2078,-159.775,75.2,100,75,8.05
166,Dikson,RU,2021-04-08 17:03:07,73.5069,80.5464,3.02,82,68,12.71
167,Baoshan,CN,2021-04-08 17:03:07,46.5586,131.4244,29.39,60,99,4.9
168,Majene,ID,2021-04-08 17:03:07,-3.5403,118.9707,77.95,88,99,2.75
169,Novouzensk,RU,2021-04-08 17:03:08,50.4592,48.1431,55.62,70,100,6.08
170,Souillac,MU,2021-04-08 17:03:08,-20.5167,57.5167,78.8,78,40,5.75
171,Honavar,IN,2021-04-08 17:01:06,14.2833,74.45,80.98,79,31,5.26
172,Bagdarin,RU,2021-04-08 17:03:08,54.4333,113.6,31.44,69,82,2.28
173,Pinotepa Nacional,MX,2021-04-08 17:03:09,16.3167,-98.0167,90.72,34,0,6.64
174,Nizhnyaya Omka,RU,2021-04-08 17:03:09,55.4338,74.9426,32.7,95,100,13.31
175,Olafsvik,IS,2021-04-08 17:03:10,64.8945,-23.7142,25.99,51,20,18.01
176,Broome,US,2021-04-08 17:03:10,42.2506,-75.833,71.01,37,1,14.97
177,Esperance,AU,2021-04-08 17:03:10,-33.8667,121.9,60.8,94,90,8.05
178,Beckley,US,2021-04-08 17:03:11,37.7782,-81.1882,73.99,38,1,16.11
179,Surt,LY,2021-04-08 17:03:11,31.2089,16.5887,63.3,71,55,17.69
180,Kaitangata,NZ,2021-04-08 17:03:11,-46.2817,169.8464,51.01,95,1,4.0
181,Eureka,US,2021-04-08 17:03:12,40.8021,-124.1637,54.0,72,98,7.0
182,Yerofey Pavlovich,RU,2021-04-08 17:03:12,53.9667,121.9667,21.13,93,77,3.65
183,Tocopilla,CL,2021-04-08 17:03:12,-22.092,-70.1979,72.46,70,100,12.12
184,Murray Bridge,AU,2021-04-08 17:03:13,-35.1167,139.2667,60.01,98,99,1.99
185,Zaraza,VE,2021-04-08 17:03:13,9.3503,-65.3245,95.52,35,94,5.95
186,Yakeshi,CN,2021-04-08 17:03:13,49.2833,120.7333,38.28,53,87,4.99
187,Praya,CV,2021-04-08 17:03:14,14.9215,-23.5087,82.4,42,0,24.16
188,Honningsvag,NO,2021-04-08 17:03:14,70.9821,25.9704,33.8,64,0,2.3
189,Kaele,CM,2021-04-08 17:03:14,10.1092,14.4508,105.8,8,0,11.5
190,Ouro Preto Do Oeste,BR,2021-04-08 17:03:15,-10.7481,-62.2158,72.97,98,100,2.55
191,Karaton,ID,2021-04-08 17:03:15,-6.3424,106.1045,82.99,83,75,3.44
192,Basco,PH,2021-04-08 17:03:15,20.4487,121.9702,74.46,65,74,18.07
193,Nanortalik,GL,2021-04-08 17:03:16,60.1432,-45.2371,37.54,71,83,9.51
194,Muskegon,US,2021-04-08 17:03:16,43.3,-86.1334,75.2,68,90,12.66
195,Mount Gambier,AU,2021-04-08 17:03:17,-37.8333,140.7667,53.6,87,40,8.05
196,Tres Arroyos,AR,2021-04-08 17:03:17,-38.3739,-60.2798,63.64,92,100,8.75
197,Waingapu,ID,2021-04-08 17:03:17,-9.6567,120.2641,77.34,85,98,3.85
198,Anadyr,RU,2021-04-08 17:03:17,64.75,177.4833,-13.0,70,0,6.71
199,Mount Isa,AU,2021-04-08 17:03:18,-20.7333,139.5,77.0,38,90,9.22
200,Abonnema,NG,2021-04-08 17:03:18,4.7084,6.7931,77.0,83,75,10.96
201,Moose Factory,CA,2021-04-08 17:03:18,51.2585,-80.6094,35.6,87,90,8.05
202,Whittlesea,ZA,2021-04-08 17:03:19,-32.1759,26.8244,64.17,49,28,6.13
203,Novopokrovka,UA,2021-04-08 17:03:19,49.8425,36.5477,42.8,42,0,6.71
204,Iranshahr,IR,2021-04-08 17:03:20,27.2025,60.6848,86.0,7,0,8.3
205,Tezu,IN,2021-04-08 17:03:20,27.9167,96.1667,74.08,46,47,3.85
206,Ponta Delgada,PT,2021-04-08 17:03:20,37.7333,-25.6667,62.6,82,75,20.71
207,Bethel,US,2021-04-08 17:03:21,41.3712,-73.414,70.0,37,1,4.61
208,Kalmunai,LK,2021-04-08 17:03:21,7.4167,81.8167,79.3,76,34,5.82
209,Beira,MZ,2021-04-08 17:03:21,-19.8436,34.8389,78.8,73,20,8.05
210,Goderich,CA,2021-04-08 17:00:13,43.7501,-81.7165,75.2,38,91,16.11
211,Appingedam,NL,2021-04-08 17:03:22,53.3217,6.8583,46.0,67,92,10.0
212,Constitucion,CL,2021-04-08 17:00:57,-35.3333,-72.4167,63.23,61,10,6.71
213,Champerico,GT,2021-04-08 17:00:22,14.3,-91.9167,87.8,70,20,9.22
214,Cabo San Lucas,MX,2021-04-08 16:59:08,22.8909,-109.9124,84.0,36,20,3.44
215,Sao Filipe,CV,2021-04-08 17:03:22,14.8961,-24.4956,76.66,63,3,9.37
216,Upernavik,GL,2021-04-08 17:03:23,72.7868,-56.1549,20.89,60,100,4.88
217,Tessalit,ML,2021-04-08 17:03:23,20.1986,1.0114,96.01,7,0,12.66
218,Agaro,ET,2021-04-08 17:03:24,7.85,36.65,71.1,38,61,4.43
219,Chara,RU,2021-04-08 17:03:24,56.9064,118.2631,28.44,87,99,0.83
220,Kiruna,SE,2021-04-08 17:03:24,67.8557,20.2251,28.4,50,0,2.3
221,Florence,IT,2021-04-08 17:03:25,43.7667,11.25,55.4,44,20,11.5
222,Berlevag,NO,2021-04-08 17:03:25,70.8578,29.0864,26.6,68,0,1.14
223,Tiksi,RU,2021-04-08 17:03:26,71.6872,128.8694,-16.33,100,100,5.55
224,Moroto,UG,2021-04-08 17:03:26,2.5345,34.6666,76.26,41,98,10.71
225,Hanzhong,CN,2021-04-08 17:03:27,33.0728,107.0303,57.47,58,95,3.87
226,Kandrian,PG,2021-04-08 17:03:27,-6.2167,149.55,77.2,88,100,7.92
227,Narsaq,GL,2021-04-08 17:03:27,60.9167,-46.05,44.6,42,75,6.91
228,Mandalgovi,MN,2021-04-08 17:03:28,45.7625,106.2708,45.75,24,96,8.88
229,Nikolskoye,RU,2021-04-08 17:03:28,59.7035,30.7861,37.99,60,40,15.66
230,Marsh Harbour,BS,2021-04-08 17:03:29,26.5412,-77.0636,71.85,52,28,7.0
231,Nuuk,GL,2021-04-08 17:01:23,64.1835,-51.7216,33.8,86,90,28.77
232,Atbasar,KZ,2021-04-08 17:03:29,51.8,68.3333,33.1,98,100,3.33
233,Skibbereen,IE,2021-04-08 17:03:29,51.55,-9.2667,50.0,62,75,13.8
234,Sept-Iles,CA,2021-04-08 17:00:17,50.2001,-66.3821,48.2,66,100,4.61
235,Awbari,LY,2021-04-08 17:03:30,26.5921,12.7805,88.66,11,0,12.15
236,Saint-Philippe,RE,2021-04-08 17:03:30,-21.3585,55.7679,82.4,69,90,4.61
237,Chuy,UY,2021-04-08 17:03:31,-33.6971,-53.4616,80.01,56,81,8.93
238,Skjervoy,NO,2021-04-08 17:03:19,70.0311,20.9714,30.2,51,0,4.61
239,Kamenka,RU,2021-04-08 17:03:31,51.3223,42.7678,42.01,66,100,6.17
240,Yarensk,RU,2021-04-08 17:03:31,62.1675,49.0916,39.85,91,100,15.77
241,Tambopata,PE,2021-04-08 17:03:32,-12.7333,-69.1833,89.6,66,75,3.44
242,Cayenne,GF,2021-04-08 17:03:32,4.9333,-52.3333,84.2,74,75,4.61
243,Tutoia,BR,2021-04-08 17:03:32,-2.7619,-42.2744,86.0,74,75,11.5
244,Bari,IT,2021-04-08 17:02:01,41.1177,16.8512,52.0,30,0,8.05
245,Brownsville,US,2021-04-08 17:03:33,25.9018,-97.4975,86.0,54,20,5.75
246,Udachnyy,RU,2021-04-08 17:01:21,66.4167,112.4,5.92,91,99,14.27
247,Cherskiy,RU,2021-04-08 17:03:34,68.75,161.3,-15.59,99,87,6.17
248,Torbat-E Jam,IR,2021-04-08 17:03:34,35.244,60.6225,68.23,30,86,8.25
249,Ajaccio,FR,2021-04-08 17:00:29,42.0,8.9167,57.2,47,0,10.36
250,Abnub,EG,2021-04-08 17:03:34,27.2696,31.1511,82.4,15,0,16.11
251,Husavik,IS,2021-04-08 17:03:35,66.0449,-17.3389,23.0,74,90,24.16
252,Benito Juarez,MX,2021-04-08 17:03:35,19.385,-99.165,77.0,20,20,6.91
253,Gat,IL,2021-04-08 17:03:01,31.61,34.7642,63.0,100,32,8.1
254,Lasa,IT,2021-04-08 17:03:36,46.6166,10.7002,59.0,28,0,3.44
255,Srednekolymsk,RU,2021-04-08 17:03:36,67.45,153.6833,1.45,93,100,2.93
256,Vila Velha,BR,2021-04-08 17:03:36,-20.3297,-40.2925,80.01,83,75,11.5
257,Adrar,MR,2021-04-08 17:03:37,20.5022,-10.0711,96.73,9,0,5.57
258,Port Elizabeth,ZA,2021-04-08 17:03:37,-33.918,25.5701,68.0,77,0,5.75
259,Nome,US,2021-04-08 17:03:37,64.5011,-165.4064,-7.6,59,1,5.68
260,Pangnirtung,CA,2021-04-08 17:03:38,66.1451,-65.7125,28.4,93,90,12.66
261,Itoman,JP,2021-04-08 17:03:38,26.1247,127.6694,68.0,60,20,9.22
262,Monte Alegre,BR,2021-04-08 17:03:38,-2.0078,-54.0692,88.61,53,98,2.1
263,Asau,RO,2021-04-08 17:03:39,46.4333,26.4,43.0,49,40,8.05
264,Thompson,CA,2021-04-08 17:03:39,55.7435,-97.8558,46.4,46,40,8.05
265,Luwuk,ID,2021-04-08 17:03:40,-0.9516,122.7875,78.4,83,100,1.52
266,Afonso Bezerra,BR,2021-04-08 17:03:40,-5.4983,-36.5056,98.8,28,83,20.45
267,Sao Joao Da Barra,BR,2021-04-08 17:03:40,-21.6403,-41.0511,80.6,65,40,6.91
268,Paracuru,BR,2021-04-08 17:03:41,-3.41,-39.0306,84.0,67,69,25.01
269,Bubaque,GW,2021-04-08 17:03:41,11.2833,-15.8333,77.49,71,7,16.11
270,Healdsburg,US,2021-04-08 17:03:41,38.6105,-122.8692,57.0,76,1,2.48
271,Madridejos,ES,2021-04-08 17:03:42,39.4682,-3.532,66.99,52,75,4.61
272,Aktash,RU,2021-04-08 17:03:42,50.3,87.7333,19.92,90,47,3.04
273,Niesky,DE,2021-04-08 17:03:42,51.2924,14.8211,41.0,64,82,8.01
274,Praia Da Vitoria,PT,2021-04-08 17:03:43,38.7333,-27.0667,64.4,72,40,20.51
275,Kashi,CN,2021-04-08 17:03:43,39.4547,75.9797,48.2,76,20,2.24
276,Nortelandia,BR,2021-04-08 17:03:43,-14.4547,-56.8028,88.5,54,26,6.93
277,Soe,ID,2021-04-08 17:03:44,-9.8607,124.284,64.96,92,35,2.51
278,Klaksvik,FO,2021-04-08 17:03:44,62.2266,-6.589,28.4,86,40,39.12
279,Sao Desiderio,BR,2021-04-08 17:03:44,-12.3633,-44.9733,86.05,47,99,2.91
280,Port Lincoln,AU,2021-04-08 17:03:45,-34.7333,135.8667,62.96,74,99,15.99
281,Jasper,US,2021-04-08 17:03:45,37.2001,-94.3502,59.0,47,75,20.71
282,Muros,ES,2021-04-08 17:03:46,42.7762,-9.0603,62.01,70,13,8.93
283,Laguna,US,2021-04-08 17:03:46,38.421,-121.4238,57.0,66,1,6.04
284,Zhigansk,RU,2021-04-08 17:03:46,66.7697,123.3711,16.09,94,100,13.89
285,The Valley,AI,2021-04-08 17:03:47,18.217,-63.0578,82.4,65,20,9.22
286,Floriano,BR,2021-04-08 17:03:47,-6.7669,-43.0225,95.27,32,74,6.67
287,Ryotsu,JP,2021-04-08 17:02:16,38.0833,138.4333,42.22,76,7,11.39
288,Madhipura,IN,2021-04-08 17:03:47,25.9167,86.7833,85.14,22,0,9.31
289,Kudat,MY,2021-04-08 17:01:16,6.8837,116.8477,80.6,83,20,4.61
290,Benguela,AO,2021-04-08 17:03:48,-12.5763,13.4055,82.54,81,91,7.07
291,Kavaratti,IN,2021-04-08 17:03:48,10.5669,72.642,83.82,69,30,10.94
292,Gigmoto,PH,2021-04-08 17:03:48,13.7796,124.39,77.09,79,96,6.17
293,Marsabit,KE,2021-04-08 17:02:16,2.3284,37.9899,73.4,53,60,11.97
294,Parfenyevo,RU,2021-04-08 17:03:49,58.484,43.4088,33.6,96,88,17.22
295,Lac Du Bonnet,CA,2021-04-08 17:03:50,50.2536,-96.0612,51.01,99,100,8.99
296,Dalvik,IS,2021-04-08 17:03:50,65.9702,-18.5286,23.0,74,90,24.16
297,Grande Prairie,CA,2021-04-08 17:01:35,55.1667,-118.8027,19.4,63,75,10.36
298,Warragul,AU,2021-04-08 17:03:50,-38.1667,145.9333,60.01,91,96,5.01
299,Bodden Town,KY,2021-04-08 17:03:51,19.2833,-81.25,86.0,62,20,12.66
300,Itaocara,BR,2021-04-08 17:03:51,-21.6692,-42.0761,79.14,63,56,3.51
301,Luanda,AO,2021-04-08 17:03:52,-8.8368,13.2343,82.4,69,75,18.41
302,Sayyan,YE,2021-04-08 17:03:52,15.1718,44.3244,62.8,21,7,3.89
303,Boa Vista,BR,2021-04-08 17:03:52,2.8197,-60.6733,75.2,88,90,2.3
304,Acapulco,MX,2021-04-08 17:02:46,16.8634,-99.8901,84.2,65,1,8.05
305,Touros,BR,2021-04-08 17:03:53,-5.1989,-35.4608,87.8,55,40,16.11
306,Safaga,EG,2021-04-08 17:03:54,26.7292,33.9365,80.6,39,0,8.05
307,Sorkjosen,NO,2021-04-08 17:03:56,69.8,20.9333,30.2,51,0,4.61
308,Suoyarvi,RU,2021-04-08 17:03:56,62.0833,32.35,32.23,79,100,8.75
309,Ancud,CL,2021-04-08 17:03:56,-41.8697,-73.8203,59.0,72,75,11.5
310,Cravo Norte,CO,2021-04-08 17:03:57,6.3017,-70.2041,80.87,71,100,3.06
311,Santa Cruz,BO,2021-04-08 17:00:12,-17.8,-63.1667,86.0,70,75,13.8
312,Mehamn,NO,2021-04-08 17:03:57,71.0357,27.8492,26.6,74,0,8.05
313,La Ronge,CA,2021-04-08 17:03:58,55.1001,-105.2842,44.6,57,100,5.75
314,Palmer,US,2021-04-08 17:03:43,42.1584,-72.3287,66.99,39,40,5.75
315,Talnakh,RU,2021-04-08 17:03:58,69.4865,88.3972,7.48,85,98,2.17
316,Porto Novo,BJ,2021-04-08 17:03:58,6.4965,2.6036,87.8,74,40,14.97
317,Pisco,PE,2021-04-08 17:03:59,-13.7,-76.2167,72.0,73,0,9.22
318,Krasnoarmeyskoye,RU,2021-04-08 17:03:59,52.7182,50.0322,44.17,88,96,8.01
319,Soyo,AO,2021-04-08 17:03:59,-6.1349,12.3689,81.77,77,95,8.97
320,Chyhyryn,UA,2021-04-08 17:04:00,49.0838,32.6555,39.47,63,72,9.37
321,Starkville,US,2021-04-08 17:03:01,33.4504,-88.8184,77.0,40,1,11.5
322,Biak,ID,2021-04-08 17:04:00,-0.9131,122.8766,77.29,79,100,1.03
323,Yurginskoye,RU,2021-04-08 17:04:01,56.8189,67.3921,34.72,99,100,5.84
324,Coquimbo,CL,2021-04-08 16:59:53,-29.9533,-71.3436,64.4,68,0,11.5
325,Kitimat,CA,2021-04-08 17:04:01,54.0524,-128.6534,37.0,86,99,6.11
326,Shiyan,CN,2021-04-08 17:04:02,32.6475,110.7781,51.22,81,6,2.06
327,Rincon,US,2021-04-08 17:04:02,32.296,-81.2354,82.0,36,75,13.8
328,Vrede,ZA,2021-04-08 17:04:03,-27.4257,29.1659,63.27,45,88,3.89
329,Valparaiso,CL,2021-04-08 17:00:48,-33.0393,-71.6273,69.8,59,0,4.61
330,Aksu,CN,2021-04-08 17:04:03,41.1231,80.2644,51.28,67,65,6.08
331,Gracac,HR,2021-04-08 17:04:03,44.3006,15.8547,51.8,30,20,8.05
332,Uyuni,BO,2021-04-08 17:04:04,-20.4597,-66.825,61.02,18,25,12.68
333,Bonthe,SL,2021-04-08 17:03:07,7.5264,-12.505,85.42,69,52,11.7
334,Olinda,BR,2021-04-08 17:04:04,-8.0089,-34.8553,82.4,65,40,14.97
335,Priiskovyy,RU,2021-04-08 17:04:05,51.9333,116.6333,39.31,54,77,4.7
336,Komsomolskiy,UZ,2021-04-08 17:04:05,40.4272,71.7189,59.0,41,0,6.91
337,Lahaina,US,2021-04-08 17:00:14,20.8783,-156.6825,68.0,83,40,10.36
338,Impfondo,CG,2021-04-08 17:04:06,1.6381,18.0667,75.97,75,88,3.0
339,Cockburn Town,TC,2021-04-08 17:04:06,21.4612,-71.1419,74.16,64,100,14.97
340,Aldan,RU,2021-04-08 17:04:06,58.6031,125.3894,23.65,86,93,11.41
341,San Cristobal,VE,2021-04-08 17:04:07,7.7669,-72.225,87.8,58,40,6.91
342,Wanaka,NZ,2021-04-08 17:04:07,-44.7,169.15,46.56,68,0,4.16
343,Fethiye,TR,2021-04-08 17:02:29,36.6217,29.1164,62.6,82,75,12.66
344,Grajau,BR,2021-04-08 17:04:08,-5.8194,-46.1386,90.63,44,51,7.29
345,Moron,AR,2021-04-08 17:04:08,-34.6534,-58.6198,81.0,69,100,1.01
346,Port Keats,AU,2021-04-08 17:04:08,-14.25,129.55,81.77,77,84,6.35
347,Xihe,CN,2021-04-08 17:04:09,31.6864,113.4659,51.24,80,0,1.32
348,Harboore,DK,2021-04-08 17:04:09,56.6175,8.1807,43.0,3,100,4.0
349,Tarauaca,BR,2021-04-08 17:04:09,-8.1614,-70.7656,88.34,57,98,3.51
350,Mokhsogollokh,RU,2021-04-08 17:04:10,61.4681,128.9203,26.35,94,100,5.41
351,Meulaboh,ID,2021-04-08 17:04:10,4.1363,96.1285,77.77,86,82,3.69
352,Tadine,NC,2021-04-08 17:04:10,-21.55,167.8833,76.24,81,96,15.1
353,Yerbogachen,RU,2021-04-08 17:04:11,61.2767,108.0108,22.17,93,100,8.7
354,Hokitika,NZ,2021-04-08 17:04:11,-42.7167,170.9667,50.02,83,34,4.38
355,Poum,NC,2021-04-08 17:04:11,-20.2333,164.0167,77.54,88,100,17.96
356,Odweyne,SO,2021-04-08 17:04:12,9.4092,45.064,75.79,42,4,11.5
357,Loreto,MX,2021-04-08 17:04:12,22.2667,-101.9667,75.67,20,19,7.65
358,Excelsior Springs,US,2021-04-08 17:00:29,39.3392,-94.2261,52.0,81,90,9.22
359,Vardo,NO,2021-04-08 17:04:12,70.3705,31.1107,32.0,86,75,9.22
360,Pangody,RU,2021-04-08 17:04:13,65.85,74.4859,8.98,95,79,6.49
361,Lavrentiya,RU,2021-04-08 17:04:13,65.5833,-171.0,-20.33,92,5,5.46
362,Gunjur,GM,2021-04-08 17:04:13,13.2019,-16.7339,95.0,36,0,9.22
363,Taltal,CL,2021-04-08 17:04:14,-25.4,-70.4833,70.7,71,100,8.61
364,Lata,PT,2021-04-08 17:04:14,40.1629,-8.3327,70.0,64,53,8.01
365,Gizo,SB,2021-04-08 17:04:14,-8.103,156.8419,79.25,85,100,20.92
366,Talaya,RU,2021-04-08 17:04:15,61.3833,152.75,-17.43,96,27,3.83
367,Provideniya,RU,2021-04-08 17:04:15,64.3833,-173.3,-11.31,93,47,1.03
368,Hervey Bay,AU,2021-04-08 17:04:16,-25.2986,152.8535,70.0,90,5,1.01
369,Miyako,JP,2021-04-08 17:04:16,39.6367,141.9525,36.68,59,40,5.75
370,Kudahuvadhoo,MV,2021-04-08 17:04:16,2.6708,72.8944,83.68,63,67,8.79
371,Huarmey,PE,2021-04-08 17:04:17,-10.0681,-78.1522,74.46,77,77,9.91
372,Geraldton,AU,2021-04-08 17:04:17,-28.7667,114.6,75.2,46,100,16.11
373,Puerto Madero,MX,2021-04-08 17:04:17,14.7208,-92.4215,91.4,43,40,5.75
374,Arman,RU,2021-04-08 17:04:18,59.7,150.1667,6.01,85,8,7.7
375,Varhaug,NO,2021-04-08 17:04:18,58.6147,5.6457,43.0,98,100,5.99
376,Makaha,US,2021-04-08 17:04:18,21.4694,-158.2175,69.01,72,1,5.75
377,Roald,NO,2021-04-08 17:04:19,62.5833,6.1333,37.99,87,75,13.8
378,Faya,SA,2021-04-08 17:04:19,18.3851,42.4509,69.8,60,0,6.91
379,Airai,TL,2021-04-08 17:04:19,-8.9266,125.4092,59.41,90,30,0.51
380,Lakhimpur,IN,2021-04-08 17:04:20,27.95,80.7667,82.94,8,0,9.19
381,Diamantino,BR,2021-04-08 17:04:20,-14.4086,-56.4461,86.86,58,31,8.32
382,Hofn,IS,2021-04-08 17:03:11,64.2539,-15.2082,26.6,43,20,28.77
383,Wattegama,LK,2021-04-08 17:04:21,6.7989,81.4808,74.75,86,27,1.39
384,Pozoblanco,ES,2021-04-08 17:04:21,38.3791,-4.8483,69.8,49,20,6.91
385,Lufilufi,WS,2021-04-08 17:04:21,-13.8745,-171.5986,75.2,94,20,5.75
386,Temixco,MX,2021-04-08 17:04:22,18.85,-99.2333,78.8,38,20,5.93
387,Ikryanoye,RU,2021-04-08 17:04:22,46.0932,47.7308,57.2,51,7,8.95
388,Yelizovo,RU,2021-04-08 17:04:22,53.1873,158.3805,33.8,69,75,15.66
389,Margate,GB,2021-04-08 17:04:23,51.3813,1.3862,51.01,52,96,4.0
390,Tierra Colorada,MX,2021-04-08 17:04:23,17.1667,-99.5833,84.2,65,1,8.05
391,Manokwari,ID,2021-04-08 17:04:23,-0.8667,134.0833,77.97,76,99,4.25
392,Mason City,US,2021-04-08 17:02:55,43.1536,-93.201,55.99,87,90,14.97
393,Severnoye,RU,2021-04-08 17:04:24,56.3491,78.3619,29.39,97,91,4.88
394,Amahai,ID,2021-04-08 17:04:24,-3.3333,128.9167,77.14,90,64,4.7
395,Lompoc,US,2021-04-08 17:04:24,34.6391,-120.4579,57.2,67,86,17.27
396,San Patricio,US,2021-04-08 17:04:25,28.017,-97.5169,89.6,48,1,10.36
397,Rakiv Lis,UA,2021-04-08 17:04:25,51.6217,24.9243,36.77,73,71,7.7
398,Lwowek Slaski,PL,2021-04-08 17:04:26,51.1107,15.5858,41.0,64,67,8.01
399,Kautokeino,NO,2021-04-08 17:04:26,69.0125,23.0412,10.24,92,35,2.89
400,Dong Xoai,VN,2021-04-08 17:04:26,11.5333,106.9167,74.71,89,98,2.93
401,San Andres,CO,2021-04-08 17:04:27,12.5847,-81.7006,86.0,66,40,14.97
402,San Vicente De Canete,PE,2021-04-08 17:04:27,-13.0751,-76.3835,74.7,73,100,6.85
403,Chitose,JP,2021-04-08 17:04:27,42.8194,141.6522,27.0,100,20,4.14
404,Nanzhang,CN,2021-04-08 17:04:28,31.7765,111.8386,54.59,76,29,2.06
405,Ornskoldsvik,SE,2021-04-08 17:04:28,63.2909,18.7153,35.6,44,0,8.05
406,Anchorage,US,2021-04-08 16:59:34,61.2181,-149.9003,21.99,79,90,10.36
407,Baykit,RU,2021-04-08 17:04:29,61.67,96.37,26.11,91,95,4.81
408,Berlin,DE,2021-04-08 17:02:40,52.5244,13.4105,44.01,52,20,14.97
409,Stabat,ID,2021-04-08 17:04:29,3.761,98.4513,77.0,94,40,4.61
410,Providencia,MX,2021-04-08 17:04:30,28.7167,-111.5833,88.0,27,0,5.01
411,Linxia,CN,2021-04-08 17:04:30,35.6003,103.2064,50.4,67,100,3.47
412,Ngara,TZ,2021-04-08 17:04:30,-2.5122,30.6558,58.39,96,81,2.51
413,Port Hawkesbury,CA,2021-04-08 17:04:31,45.6169,-61.3485,57.2,62,20,11.5
414,Sakakah,SA,2021-04-08 17:04:31,29.9697,40.2064,87.8,8,0,11.5
415,Nouakchott,MR,2021-04-08 17:04:32,18.0858,-15.9785,86.0,32,0,18.41
416,Abu Dhabi,AE,2021-04-08 17:04:09,24.4667,54.3667,77.0,65,0,4.61
417,Sol-Iletsk,RU,2021-04-08 17:04:32,51.1631,54.9918,40.8,91,9,8.61
418,Divnogorsk,RU,2021-04-08 17:04:32,55.9594,92.3619,30.2,100,40,2.24
419,Mana,GF,2021-04-08 17:04:33,5.6592,-53.7767,80.91,82,99,4.09
420,Yazd,IR,2021-04-08 17:04:33,31.8972,54.3675,75.2,11,14,2.3
421,Bemidji,US,2021-04-08 17:02:58,47.4736,-94.8803,43.0,100,90,6.91
422,Launceston,AU,2021-04-08 17:04:34,-41.45,147.1667,53.6,71,40,14.97
423,Matagami,CA,2021-04-08 17:04:34,49.7502,-77.6328,42.8,93,90,3.44
424,Padang,ID,2021-04-08 17:00:51,-0.9492,100.3543,77.0,94,40,3.44
425,Balkanabat,TM,2021-04-08 17:04:34,39.5108,54.3671,78.84,23,0,6.04
426,Ipojuca,BR,2021-04-08 17:04:35,-8.3989,-35.0639,82.4,65,40,14.97
427,Kongolo,CD,2021-04-08 17:02:14,-5.3833,27.0,72.0,96,96,1.72
428,Mandera,KE,2021-04-08 17:04:35,3.9366,41.867,93.31,26,42,6.58
429,Betong,TH,2021-04-08 17:04:36,5.7743,101.0723,71.26,97,28,1.43
430,Fortuna,US,2021-04-08 17:04:36,40.5982,-124.1573,53.01,71,75,12.66
431,Zhezkazgan,KZ,2021-04-08 17:04:36,47.8043,67.7144,55.24,50,100,6.35
432,Richards Bay,ZA,2021-04-08 17:04:37,-28.783,32.0377,70.75,88,13,6.06
433,Karasburg,NA,2021-04-08 17:04:37,-28.0167,18.75,85.21,19,3,9.1
434,Pahrump,US,2021-04-08 17:04:37,36.2083,-115.9839,71.01,21,80,1.01
435,Balsas,BR,2021-04-08 17:04:38,-7.5325,-46.0356,90.66,41,33,8.25
436,Whitehorse,CA,2021-04-08 17:00:13,60.7161,-135.0538,8.01,61,90,20.71
437,Ugoofaaru,MV,2021-04-08 17:04:38,5.6667,73.0,82.69,74,52,7.16
438,Paunesti,RO,2021-04-08 17:04:39,46.0333,27.1,43.0,49,40,8.05
439,Cukai,MY,2021-04-08 17:04:39,4.25,103.4167,80.6,89,13,2.3
440,Port Shepstone,ZA,2021-04-08 17:04:39,-30.7414,30.455,71.62,80,27,6.38
441,Anupgarh,IN,2021-04-08 17:04:40,29.1911,73.2086,84.38,13,0,5.32
442,Truro,GB,2021-04-08 17:04:40,50.2653,-5.0544,48.2,71,20,10.36
443,Andenes,NO,2021-04-08 17:04:40,69.3143,16.1194,32.0,69,0,13.8
444,Lisakovsk,KZ,2021-04-08 17:04:41,52.5369,62.4936,30.25,92,76,5.59
445,Cernay,FR,2021-04-08 17:04:42,47.8097,7.177,53.6,30,0,2.3
446,Prince Rupert,CA,2021-04-08 17:04:42,54.3161,-130.3201,39.2,87,75,8.05
447,Araouane,ML,2021-04-08 17:04:42,18.9048,-3.5265,100.51,7,0,11.05
448,Auki,SB,2021-04-08 17:04:43,-8.7676,160.7034,74.84,85,100,4.21
449,Nabire,ID,2021-04-08 17:04:43,-3.3667,135.4833,76.14,89,100,2.91
450,Rio Hato,PA,2021-04-08 17:04:43,8.3833,-80.1667,84.2,74,75,3.44
451,Morehead,US,2021-04-08 17:04:44,37.2711,-87.1764,68.0,45,40,18.41
452,Kachiry,KZ,2021-04-08 17:04:44,53.0675,76.1036,36.55,97,100,11.12
453,Te Anau,NZ,2021-04-08 17:04:44,-45.4167,167.7167,44.24,92,6,2.17
454,Honiara,SB,2021-04-08 17:04:45,-9.4333,159.95,76.66,86,100,1.95
455,Ariquemes,BR,2021-04-08 17:04:45,-9.9133,-63.0408,81.5,89,98,1.36
456,Vostok,RU,2021-04-08 17:04:45,46.4856,135.8833,22.06,93,97,2.44
457,Pavlogradka,RU,2021-04-08 17:04:46,54.2024,73.5592,34.23,99,100,10.83
458,Koslan,RU,2021-04-08 17:04:46,63.4564,48.8989,37.92,96,100,15.77
459,Pasvalys,LT,2021-04-08 17:04:47,56.0594,24.4036,41.0,48,20,11.5
460,Nayoro,JP,2021-04-08 17:04:47,44.3506,142.4578,25.18,86,58,2.66
461,Coahuayana,MX,2021-04-08 17:04:47,18.7333,-103.6833,82.4,39,1,6.29
462,Chalus,IR,2021-04-08 17:04:48,36.655,51.4204,59.0,88,76,6.35
463,Maromitsa,RU,2021-04-08 17:04:48,59.8683,48.0123,37.6,96,100,16.37
464,Palembang,ID,2021-04-08 17:04:49,-2.9167,104.7458,76.39,88,99,3.18
465,Zwedru,LR,2021-04-08 17:04:49,6.0667,-8.1281,86.09,66,99,3.49
466,Bastia,FR,2021-04-08 17:04:50,42.6667,9.3333,57.2,33,0,8.05
467,Erzin,TR,2021-04-08 17:04:50,36.9559,36.2,63.0,84,78,5.99
468,Corbu,RO,2021-04-08 17:04:50,44.3833,28.65,43.0,75,20,5.75
469,Waipawa,NZ,2021-04-08 17:04:51,-41.4122,175.5153,60.01,88,75,11.5
470,Shenjiamen,CN,2021-04-08 17:04:51,29.9576,122.298,53.42,69,82,10.4
471,Bonavista,CA,2021-04-08 17:04:51,48.6499,-53.1147,46.4,100,100,4.61
472,Pulandian,CN,2021-04-08 17:04:52,39.3953,121.9669,46.99,53,0,4.47
473,Salina,US,2021-04-08 17:04:52,38.8403,-97.6114,60.8,44,1,25.32
474,Oranjemund,NA,2021-04-08 17:04:53,-28.55,16.4333,62.6,86,5,11.48
475,Eyl,SO,2021-04-08 17:04:53,7.9803,49.8164,78.71,61,5,9.37
476,Stornoway,GB,2021-04-08 17:04:54,58.2093,-6.3865,43.0,70,75,31.07
477,Moosomin,CA,2021-04-08 17:04:54,50.1333,-101.6677,53.71,38,0,10.96
478,Sahuaripa,MX,2021-04-08 17:01:07,29.05,-109.2333,87.19,7,1,3.27
479,Ongandjera,NA,2021-04-08 17:04:56,-17.8833,15.0667,82.67,31,4,8.28
480,Manuk Mangkaw,PH,2021-04-08 17:04:56,4.8,119.85,81.34,76,100,7.65
481,Lake Wales,US,2021-04-08 17:04:57,27.9014,-81.5859,86.0,41,1,4.61
482,Inhambane,MZ,2021-04-08 17:04:57,-23.865,35.3833,78.8,78,20,4.61
483,Kokoda,PG,2021-04-08 17:04:57,-8.8785,147.7407,74.3,93,100,3.74
484,Sibolga,ID,2021-04-08 17:04:58,1.7427,98.7792,77.11,90,100,2.19
485,Pozo Colorado,PY,2021-04-08 17:04:58,-23.4923,-58.7972,98.37,28,49,12.35
486,Henties Bay,NA,2021-04-08 17:04:58,-22.116,14.2845,68.99,67,1,10.13
487,Kruisfontein,ZA,2021-04-08 17:04:59,-34.0033,24.7314,64.0,90,42,1.99
488,Nioro,GM,2021-04-08 17:04:59,13.35,-15.75,109.49,5,48,9.08
489,Garissa,KE,2021-04-08 17:04:59,-0.4536,39.6401,86.13,55,50,11.79
490,Caninde,BR,2021-04-08 17:05:00,-4.3589,-39.3117,92.43,40,61,10.98
491,Puerto Escondido,MX,2021-04-08 17:05:00,15.85,-97.0667,86.0,74,1,11.5
492,Kon Tum,VN,2021-04-08 17:05:00,14.35,108.0,69.48,95,97,2.28
493,Zhanaozen,KZ,2021-04-08 17:05:01,43.3,52.8,67.41,29,0,14.43
494,Yeppoon,AU,2021-04-08 17:05:01,-23.1333,150.7333,69.8,94,40,2.17
495,Bardiyah,LY,2021-04-08 17:05:02,31.7561,25.0865,63.86,53,4,11.77
496,Ocampo,MX,2021-04-08 17:05:02,21.65,-101.5,74.43,16,17,6.4
497,Adre,TD,2021-04-08 17:05:03,13.4667,22.2,89.37,8,97,6.67
498,Colares,PT,2021-04-08 17:05:03,38.7992,-9.4469,68.0,56,20,8.05
499,Badami,IN,2021-04-08 17:05:03,15.915,75.6768,83.03,44,91,11.5
500,Tual,ID,2021-04-08 17:05:04,-5.6667,132.75,83.03,72,23,9.6
501,Caibarien,CU,2021-04-08 17:05:04,22.5206,-79.4669,84.2,48,40,8.05
502,Taurianova,IT,2021-04-08 17:05:05,38.3563,16.0109,55.4,40,0,11.5
503,Yulara,AU,2021-04-08 17:05:05,-25.2406,130.9889,64.4,45,7,2.3
504,Xam Nua,LA,2021-04-08 17:05:05,20.4197,104.0439,65.5,91,38,2.08
505,Maldonado,UY,2021-04-08 17:02:11,-34.6667,-54.9167,84.99,51,0,9.22
506,Buckeye,US,2021-04-08 17:05:06,33.3703,-112.5838,84.0,20,49,1.07
507,Harper,LR,2021-04-08 17:05:06,4.375,-7.7169,84.25,73,35,7.99
508,Kawalu,ID,2021-04-08 17:05:06,-7.3817,108.2082,73.62,89,100,2.37
509,Hamilton,US,2021-04-08 17:03:45,39.1834,-84.5333,64.99,77,90,9.22
510,Totness,SR,2021-04-08 17:05:07,5.8833,-56.3167,80.92,81,98,3.94
511,Dawei,MM,2021-04-08 17:05:07,14.0833,98.2,76.64,87,45,1.63
512,Comodoro Rivadavia,AR,2021-04-08 17:05:07,-45.8667,-67.5,66.2,39,0,8.05
513,Ulladulla,AU,2021-04-08 17:05:08,-35.35,150.4667,64.4,88,81,6.91
514,Zvenigovo,RU,2021-04-08 17:05:08,55.9742,48.0181,39.2,65,40,20.13
515,Buraydah,SA,2021-04-08 17:01:18,26.326,43.975,89.6,18,20,3.44
516,Alofi,NU,2021-04-08 17:05:09,-19.0595,-169.9187,73.4,94,2,4.61
517,Hay River,CA,2021-04-08 17:05:09,60.8156,-115.7999,5.0,78,99,18.41
518,Barcelos,PT,2021-04-08 17:00:12,41.5388,-8.6151,66.0,67,0,6.91
519,Velsk,RU,2021-04-08 17:05:10,61.0701,42.0983,37.36,95,100,11.41
520,Carndonagh,IE,2021-04-08 17:05:10,55.25,-7.2667,46.4,87,75,25.32
521,Mairi,BR,2021-04-08 17:05:11,-11.7114,-40.1489,84.51,44,86,12.12
522,Mahajanga,MG,2021-04-08 17:05:11,-15.7167,46.3167,82.4,83,20,1.14
523,Winnemucca,US,2021-04-08 17:04:57,40.973,-117.7357,55.4,33,20,12.66
524,Trelew,AR,2021-04-08 17:05:11,-43.249,-65.3051,68.85,32,33,4.97
525,Evensk,RU,2021-04-08 17:05:12,61.95,159.2333,5.56,84,41,10.09
526,Bontang,ID,2021-04-08 17:05:12,0.1333,117.5,78.67,83,96,0.92
527,Skelleftea,SE,2021-04-08 17:05:12,64.7507,20.9528,37.4,38,0,6.91
528,Dali,CN,2021-04-08 17:05:13,25.7,100.1833,54.21,64,4,5.3
529,Bukachacha,RU,2021-04-08 17:05:13,52.9833,116.9167,35.91,64,68,2.71
530,Morros,BR,2021-04-08 17:05:13,-9.4467,-46.3003,90.0,39,76,8.57
531,Punta Alta,AR,2021-04-08 17:05:14,-38.8759,-62.0736,71.38,75,88,7.27
532,Adjumani,UG,2021-04-08 17:05:14,3.3779,31.7909,75.97,60,76,3.69
533,Lincoln,US,2021-04-08 17:01:05,40.8,-96.667,48.2,81,90,18.41
534,Kirensk,RU,2021-04-08 17:05:15,57.7853,108.1119,24.75,97,98,3.94
535,Manacapuru,BR,2021-04-08 17:05:15,-3.2997,-60.6206,84.2,79,75,8.05
536,Teahupoo,PF,2021-04-08 17:05:15,-17.8333,-149.2667,77.0,78,20,4.61
537,Eskil,TR,2021-04-08 17:05:16,38.4017,33.4131,57.51,38,57,6.76
538,Reconquista,AR,2021-04-08 17:05:16,-29.15,-59.65,86.67,55,33,14.32
539,Saint Simons,US,2021-04-08 17:05:16,31.1352,-81.3901,80.6,39,1,9.22
540,Tarrafal,CV,2021-04-08 17:05:17,15.2833,-23.7667,82.4,42,0,24.16
541,Finschhafen,PG,2021-04-08 17:05:18,-6.6024,147.8681,77.56,83,100,2.53
542,Birao,CF,2021-04-08 17:02:13,10.2849,22.7882,93.18,6,50,6.04
543,Longyearbyen,SJ,2021-04-08 17:05:18,78.2186,15.6401,26.6,74,20,11.5
544,Bagru,IN,2021-04-08 17:05:19,26.8088,75.5423,84.2,20,0,3.44
545,Urdoma,RU,2021-04-08 17:05:19,61.7533,48.5442,38.43,94,100,15.57
546,Kottagudem,IN,2021-04-08 17:05:19,17.55,80.6333,83.46,57,15,6.51
547,Tomari,RU,2021-04-08 17:05:20,47.7658,142.0683,28.89,93,100,13.22
548,Aripuana,BR,2021-04-08 17:05:20,-9.1667,-60.6333,81.66,86,100,3.04
549,Batagay-Alyta,RU,2021-04-08 17:05:21,67.8006,130.4114,-6.7,98,100,3.78
550,Kirakira,SB,2021-04-08 17:05:21,-10.4544,161.9205,79.97,83,100,7.81
551,Hualmay,PE,2021-04-08 17:05:22,-11.0964,-77.6139,74.1,76,84,8.99
552,Yarmouth,US,2021-04-08 17:02:55,41.7057,-70.2286,53.6,66,90,13.8
553,Chekalin,RU,2021-04-08 17:05:22,54.0969,36.245,37.4,70,40,6.71
554,Aksarka,RU,2021-04-08 17:05:22,66.5606,67.7975,30.72,93,100,11.03
555,Alta Floresta,BR,2021-04-08 17:05:23,-9.8756,-56.0861,84.58,70,98,2.53
556,Wabag,PG,2021-04-08 17:05:23,-5.4781,143.7021,55.83,98,100,1.7
557,Mbanza-Ngungu,CD,2021-04-08 17:05:24,-5.25,14.8667,76.14,77,49,2.39
558,Patamundai,IN,2021-04-08 17:05:24,20.5667,86.5667,78.96,83,27,14.32
559,Eidfjord,NO,2021-04-08 17:03:56,60.4675,7.0719,28.99,82,100,3.0
560,Orel-Izumrud,RU,2021-04-08 17:05:24,43.4583,39.9244,57.2,72,100,6.71
561,Dunedin,NZ,2021-04-08 17:05:25,-45.8742,170.5036,51.01,92,0,4.0
562,Labuhan,ID,2021-04-08 17:05:26,-6.8844,112.2051,79.79,85,98,10.94
563,Santa Maria,BR,2021-04-08 17:03:40,-29.6842,-53.8069,87.8,42,0,9.22
564,Guanare,VE,2021-04-08 17:05:26,9.0418,-69.7421,86.0,70,99,9.22
565,Mercedes,AR,2021-04-08 17:05:26,-34.6515,-59.4307,81.0,67,97,5.99
566,Say,NE,2021-04-08 17:05:27,13.1007,2.3689,109.4,4,23,8.05
567,Bilibino,RU,2021-04-08 17:05:27,68.0546,166.4372,-20.85,97,79,4.52
568,Cap Malheureux,MU,2021-04-08 17:05:27,-19.9842,57.6142,80.01,74,34,4.0
569,Tukrah,LY,2021-04-08 17:05:28,32.5341,20.5791,60.24,77,7,16.24
570,Menongue,AO,2021-04-08 17:05:28,-14.6585,17.691,71.51,58,84,5.19
571,Bealanana,MG,2021-04-08 17:05:29,-14.55,48.7333,64.38,95,98,2.86
572,Isangel,VU,2021-04-08 17:05:29,-19.55,169.2667,77.04,81,77,10.92
573,Atambua,ID,2021-04-08 17:05:29,-9.1061,124.8925,72.63,85,41,2.3
574,Brae,GB,2021-04-08 17:05:30,60.3964,-1.353,42.8,70,40,33.38
575,Abu Zabad,SD,2021-04-08 17:05:30,12.35,29.25,91.2,6,50,11.01
576,Leirvik,NO,2021-04-08 17:05:30,59.7798,5.5005,44.6,93,75,28.77
577,Rawson,AR,2021-04-08 17:05:31,-43.3002,-65.1023,66.87,40,28,3.06
578,Iquique,CL,2021-04-08 17:05:31,-20.2208,-70.1431,69.8,60,40,11.5
579,Polunochnoye,RU,2021-04-08 17:05:31,60.8697,60.4153,34.03,98,100,6.15
580,Traverse City,US,2021-04-08 17:05:32,44.7631,-85.6206,77.0,41,90,11.5
581,Hami,CN,2021-04-08 17:05:32,42.8,93.45,61.7,23,100,8.55
582,Burgeo,CA,2021-04-08 17:05:32,47.6167,-57.6152,50.16,66,15,17.36
